name,label,saved_at
face-1,yes,2026-01-10T00:35:27
face-2,no,2026-01-10T00:35:27
face-3,no,2026-01-10T00:35:27
face-4,yes,2026-01-10T00:35:27
face-5,no,2026-01-10T00:35:27
face-6,no,2026-01-10T00:35:27
face-7,no,2026-01-10T00:35:27
face-8,no,2026-01-10T00:35:27
face-9,no,2026-01-10T00:35:27
face-10,yes,2026-01-10T00:35:27
face-11,yes,2026-01-10T00:35:27
face-12,yes,2026-01-10T00:35:27
face-13,no,2026-01-10T00:35:27
face-14,no,2026-01-10T00:35:27
face-15,yes,2026-01-10T00:35:27
face-16,no,2026-01-10T00:35:27
face-17,yes,2026-01-10T00:35:27
face-18,no,2026-01-10T00:35:27
face-19,no,2026-01-10T00:35:27
face-20,no,2026-01-10T00:35:27
face-21,no,2026-01-10T00:35:27
face-22,no,2026-01-10T00:35:27
face-23,no,2026-01-10T00:35:27
face-24,no,2026-01-10T00:35:27
face-25,no,2026-01-10T00:35:27
face-26,no,2026-01-10T00:35:27
face-27,yes,2026-01-10T00:35:27
face-28,no,2026-01-10T00:35:27
face-29,yes,2026-01-10T00:35:27
face-30,no,2026-01-10T00:35:27
face-31,yes,2026-01-10T00:35:27
face-32,no,2026-01-10T00:35:27
face-33,no,2026-01-10T00:35:27
face-34,yes,2026-01-10T00:35:27
face-35,no,2026-01-10T00:35:27
face-36,yes,2026-01-10T00:35:27
face-37,no,2026-01-10T00:35:27
face-38,yes,2026-01-10T00:35:27
face-39,no,2026-01-10T00:35:27
face-40,yes,2026-01-10T00:35:27
face-41,no,2026-01-10T00:35:27
face-42,no,2026-01-10T00:35:27
face-43,yes,2026-01-10T00:35:27
face-44,yes,2026-01-10T00:35:27
face-45,no,2026-01-10T00:35:27
face-46,no,2026-01-10T00:35:27
face-47,no,2026-01-10T00:35:27
face-48,no,2026-01-10T00:35:27
face-49,yes,2026-01-10T00:35:27
face-50,no,2026-01-10T00:35:27
face-51,no,2026-01-10T00:35:27
